Name,URL,Duration,UpdateInterval,StartOn,EndBy,Cache
Exhibit01,https://media.githubusercontent.com/media/KHLIT/KHLCDN/refs/heads/main/Video/All%20Ranges.mp4,00:06:04,1:00:00,1/1/18 0:00,12/31/30 23:59,yes
Exhibit02,https://media.githubusercontent.com/media/KHLIT/KHLCDN/refs/heads/main/Video/Art%20Select%20-%20Stone.mp4,00:01:07,1:00:00,1/1/18 0:00,12/31/30 23:59,yes
Exhibit03,https://media.githubusercontent.com/media/KHLIT/KHLCDN/refs/heads/main/Video/Art%20Select%20-%20Wood.mp4,00:01:02,1:00:00,1/1/18 0:00,12/31/30 23:59,yes
Exhibit04,https://media.githubusercontent.com/media/KHLIT/KHLCDN/refs/heads/main/Video/First%20steps.mp4,00:00:18,1:00:00,1/1/18 0:00,12/31/30 23:59,yes
Exhibit05,https://media.githubusercontent.com/media/KHLIT/KHLCDN/refs/heads/main/Video/Get%20The%20Look.mp4,00:00:59,1:00:00,1/1/18 0:00,12/31/30 23:59,yes
Exhibit06,https://media.githubusercontent.com/media/KHLIT/KHLCDN/refs/heads/main/Video/Karndean%20Designflooring%20-%20Life%20Is%20Lived%20On%20These%20Floors_720P%20HD.mp4,00:00:30,1:00:00,1/1/18 0:00,12/31/30 23:59,yes
Exhibit07,https://media.githubusercontent.com/media/KHLIT/KHLCDN/refs/heads/main/Video/Knight%20Tile%20-%20Stone.mp4,00:01:09,1:00:00,1/1/18 0:00,12/31/30 23:59,yes
Exhibit08,https://media.githubusercontent.com/media/KHLIT/KHLCDN/refs/heads/main/Video/Knight%20Tile%20-%20Wood.mp4,00:01:21,1:00:00,1/1/18 0:00,12/31/30 23:59,yes
Exhibit09,https://media.githubusercontent.com/media/KHLIT/KHLCDN/refs/heads/main/Video/Proposal%20V1.mp4,00:00:19,1:00:00,1/1/18 0:00,12/31/30 23:59,yes
Exhibit10,https://media.githubusercontent.com/media/KHLIT/KHLCDN/refs/heads/main/Video/Van%20Gogh%20-%20Stone.mp4,00:00:57,1:00:00,1/1/18 0:00,12/31/30 23:59,yes
Exhibit11,https://media.githubusercontent.com/media/KHLIT/KHLCDN/refs/heads/main/Video/Van%20Gogh%20-%20Wood.mp4,00:01:32,1:00:00,1/1/18 0:00,12/31/30 23:59,yes
Exhibit12,https://media.githubusercontent.com/media/KHLIT/KHLCDN/refs/heads/main/Video/Walkies%20V1.mp4,00:00:19,1:00:00,1/1/18 0:00,12/31/30 23:59,yes
